table,eps,delta,laplace_std,gaussian_std,gaussian_over_laplace,epochs_K
single_release,0.2,1e-05,7.0710678118654755,16.304133420877157,2.305752660654492,
single_release,0.2,1e-06,7.0710678118654755,18.98879985394551,2.6854218286637983,
single_release,0.3,1e-05,4.714045207910317,11.238044464492786,2.3839492344356374,
single_release,0.3,1e-06,4.714045207910317,12.992382894843157,2.7561006146147107,
single_release,0.4,1e-05,3.5355339059327378,8.629573588246668,2.4408120011990184,
single_release,0.4,1e-06,3.5355339059327378,9.926503628328181,2.80763921162549,
single_release,0.5,1e-05,2.8284271247461903,7.031826675582501,2.4861261632164213,
single_release,0.5,1e-06,2.8284271247461903,8.057618480725015,2.8487983339673524,
single_release,1.0,1e-05,1.4142135623730951,3.730631634815936,2.637954927087404,
single_release,1.0,1e-06,1.4142135623730951,4.22467888932684,2.98729909097866,
single_release,2.0,1e-05,0.7071067811865476,1.993812445643537,2.8196766014573593,
single_release,2.0,1e-06,0.7071067811865476,2.23047627118642,3.1543697932632044,
single_release,4.0,1e-05,0.3535533905932738,1.08116184952024,3.0579875014238054,
single_release,4.0,1e-06,0.3535533905932738,1.1935185871579859,3.3757803458063966,
single_release,6.0,1e-05,0.23570226039551587,0.7636351799316785,3.2398296844937957,
single_release,6.0,1e-06,0.23570226039551587,0.8359077393469342,3.546456185631205,
single_release,8.0,1e-05,0.1767766952966369,0.6002290721989517,3.3954083777375086,
single_release,8.0,1e-06,0.1767766952966369,0.652935384358216,3.6935603036507145,
total_budget,2.0,1e-05,0.7071067811865476,1.993812445643537,2.8196766014573593,1.0
total_budget,4.0,1e-05,0.3535533905932738,1.08116184952024,3.0579875014238054,1.0
total_budget,8.0,1e-05,0.1767766952966369,0.6002290721989517,3.3954083777375086,1.0
total_budget,16.0,1e-05,0.08838834764831845,0.34417742849639343,3.893923097938366,1.0
total_budget,2.0,1e-05,1.4142135623730951,2.8196766014573598,1.993812445643537,2.0
total_budget,4.0,1e-05,0.7071067811865476,1.5289937507119027,2.16232369904048,2.0
total_budget,8.0,1e-05,0.3535533905932738,0.8488520944343773,2.400916288795807,2.0
total_budget,16.0,1e-05,0.1767766952966369,0.4867403872422958,2.7534194279711475,2.0
total_budget,2.0,1e-05,3.5355339059327378,4.458300162844053,1.2609977110848476,5.0
total_budget,4.0,1e-05,1.7677669529663689,2.417551390206655,1.3675735855056728,5.0
total_budget,8.0,1e-05,0.8838834764831844,1.3421530075084853,1.5184727887986706,5.0
total_budget,16.0,1e-05,0.4419417382415922,0.769604126439009,1.7414153492293516,5.0
total_budget,2.0,1e-05,7.0710678118654755,6.304988555424239,0.8916600325688107,10.0
total_budget,4.0,1e-05,3.5355339059327378,3.4189339637641822,0.967020556082662,10.0
total_budget,8.0,1e-05,1.7677669529663689,1.8980909859983384,1.0737224060067883,10.0
total_budget,16.0,1e-05,0.8838834764831844,1.0883845932683447,1.2313666023024143,10.0
total_budget,2.0,1e-05,21.213203435596427,10.920560519135082,0.5148001598292333,30.0
total_budget,4.0,1e-05,10.606601717798213,5.921767332962414,0.5583095783662265,30.0
total_budget,8.0,1e-05,5.303300858899107,3.287590025137628,0.6199139201429518,30.0
total_budget,16.0,1e-05,2.6516504294495533,1.8851374137159604,0.7109298393104138,30.0
total_budget,2.0,1e-05,84.8528137423857,21.841121038270163,0.25740007991461666,120.0
total_budget,4.0,1e-05,42.42640687119285,11.843534665924828,0.27915478918311326,120.0
total_budget,8.0,1e-05,21.213203435596427,6.575180050275256,0.3099569600714759,120.0
total_budget,16.0,1e-05,10.606601717798213,3.770274827431921,0.3554649196552069,120.0
