batch,eps,epochs,lr,comparison,n,diff_roc_auc,ci_lo_roc_auc,ci_hi_roc_auc,verdict_roc_auc,diff_accuracy,ci_lo_accuracy,ci_hi_accuracy,verdict_accuracy,diff_balanced_accuracy,ci_lo_balanced_accuracy,ci_hi_balanced_accuracy,verdict_balanced_accuracy,A_roc_auc,A_accuracy,A_balanced_accuracy,B_roc_auc,B_accuracy,B_balanced_accuracy
32.0,2.0,1.0,0.01,"total, matched",5,0.09770921154664663,-0.06529586730479509,0.26071429039808836,tie,0.048711943793911014,-0.006953230984568119,0.10437711857239015,tie,0.021344154670491465,-0.10873886836332228,0.15142717770430522,tie,0.6948977628517955,0.6323185011709602,0.5615924157352504,0.5971885513051489,0.5836065573770493,0.540248261064759
32.0,2.0,2.0,0.01,"total, matched",5,0.13751027618897696,-0.12331720098886459,0.39833775336681854,tie,0.07587822014051523,-0.12546846250323118,0.27722490278426165,tie,0.017722271781147804,-0.08795973226012088,0.12340427582241648,tie,0.6478097870132293,0.6032786885245901,0.5383615236162856,0.5102995108242524,0.527400468384075,0.5206392518351379
32.0,2.0,5.0,0.01,"total, matched",5,0.0513150606659553,-0.19890964909704834,0.30153977042895896,tie,0.07189695550351287,-0.15947268316555813,0.3032665941725839,tie,0.04180732655833669,-0.09600459078044024,0.17961924389711362,tie,0.5892917738014027,0.5885245901639344,0.5563304239328797,0.5379767131354475,0.5166276346604215,0.514523097374543
32.0,2.0,10.0,0.01,"total, matched",5,-0.007320727874855026,-0.1642021480146393,0.14956069226492927,tie,0.012412177985948491,-0.07827913134180454,0.10310348731370152,tie,-0.015607563275087055,-0.07403047915607633,0.04281535260590221,tie,0.5920122672916921,0.6086651053864169,0.5372356614367424,0.5993329951665471,0.5962529274004683,0.5528432247118295
32.0,4.0,1.0,0.01,"total, matched",5,0.15286421437442058,0.0041545604605085495,0.3015738682883326,Laplace,0.010304449648711933,-0.08993513594767055,0.11054403524509443,tie,-0.010874977406960395,-0.17651217887056442,0.15476222405664364,tie,0.7795817226682524,0.652224824355972,0.5436433389888814,0.6267175082938319,0.64192037470726,0.5545183163958418
32.0,4.0,2.0,0.01,"total, matched",5,0.16849218426591567,-0.07145054303932083,0.4084349115711522,tie,0.08430913348946137,-0.06612965865241921,0.23474792563134195,tie,0.017346790039239012,-0.09412399761281769,0.1288175776912957,tie,0.7136975039792903,0.6405152224824356,0.5411397386787008,0.5452053197133745,0.5562060889929742,0.5237929486394617
32.0,4.0,5.0,0.01,"total, matched",5,0.07355360818130409,-0.17796148474151158,0.32506870110411973,tie,0.07072599531615924,-0.11726445188404368,0.25871644251636217,tie,0.04219971663955505,-0.0689923511022296,0.15339178438133969,tie,0.6530268842595023,0.6332552693208431,0.5612542489490592,0.5794732760781981,0.5625292740046839,0.5190545323095042
32.0,4.0,10.0,0.01,"total, matched",5,0.0020663156728644495,-0.16031694304877883,0.16444957439450772,tie,0.012177985948477788,-0.03172519749052008,0.05608116938747565,tie,-0.0023345169170850165,-0.06815772392557416,0.06348869009140413,tie,0.651689376315498,0.6482435597189696,0.5523266457936133,0.6496230606426335,0.6360655737704918,0.5546611627106983
32.0,8.0,1.0,0.01,"total, matched",5,0.185668724819693,0.0786417424636547,0.2926957071757313,Laplace,-0.016393442622950817,-0.047729119300411564,0.01494223405450993,tie,-0.024461119565280763,-0.07141224041197664,0.022490001281415102,tie,0.8542897622920712,0.6222482435597191,0.5006191950464396,0.6686210374723782,0.6386416861826698,0.5250803146117204
32.0,8.0,2.0,0.01,"total, matched",5,0.19429897442176391,0.004520102970540563,0.38407784587298727,Laplace,0.03489461358313817,-0.023872231060854558,0.0936614582271309,tie,-0.009534554232040726,-0.04494035734163583,0.025871248877554376,tie,0.8051692874592596,0.6271662763466044,0.5071207430340557,0.6108703130374957,0.5922716627634661,0.5166552972660965
32.0,8.0,5.0,0.01,"total, matched",5,0.08727268486936854,-0.11528306578962078,0.28982843552835785,tie,0.01850117096018735,-0.012858108210181518,0.04986045013055622,tie,0.010996834059225847,-0.033691704242111986,0.05568537236056369,tie,0.7455213307446085,0.6466042154566745,0.5399724802201582,0.6582486458752397,0.6281030444964871,0.5289756461609324
32.0,8.0,10.0,0.01,"total, matched",5,0.02100715397666648,-0.13982203967095047,0.1818363476242834,tie,0.007259953161592514,-0.03310355428140671,0.047623460604591744,tie,0.0077784191285791724,-0.05315871805704167,0.06871555631420001,tie,0.737259566330249,0.6482435597189695,0.5374099922454858,0.7162524123535825,0.6409836065573771,0.5296315731169067
32.0,16.0,1.0,0.01,"total, matched",5,0.19668713158769305,0.10793377692198888,0.28544048625339724,Laplace,0.0,0.0,0.0,tie,-0.00024254721216467878,-0.0009159662321586719,0.0004308718078293143,tie,0.9159865432940943,0.6217798594847775,0.5,0.7192994117064013,0.6217798594847775,0.5002425472121648
32.0,16.0,2.0,0.01,"total, matched",5,0.19028645058975127,0.04367845386857505,0.3368944473109275,Laplace,-0.003512880562060894,-0.016917536806158845,0.009891775682037059,tie,-0.006948161363861649,-0.030559909814817987,0.016663587087094686,tie,0.9038032102522842,0.62576112412178,0.5052631578947369,0.7135167596625329,0.6292740046838408,0.5122113192585985
32.0,16.0,5.0,0.01,"total, matched",5,0.10381253899121348,-0.020584451528652306,0.22820952951107926,tie,0.020608899297423842,-0.004795540378152288,0.04601333897299997,tie,0.027123308437261275,-0.008742387128137179,0.06298900400265972,tie,0.8595150221849073,0.6463700234192038,0.5332353815745746,0.7557024831936937,0.62576112412178,0.5061120731373132
32.0,16.0,10.0,0.01,"total, matched",5,0.04452840309480914,-0.08827651531808016,0.17733332150769843,tie,0.022014051522248244,-0.040770197475141705,0.08479830051963819,tie,0.030436176849568276,-0.059329912981754954,0.1202022666808915,tie,0.8360777317171294,0.6637002341920375,0.5580859759901582,0.7915493286223201,0.6416861826697893,0.52764979914059
64.0,2.0,1.0,0.01,"total, matched",5,0.06253636750567008,-0.13078639392906627,0.25585912894040647,tie,0.016393442622950838,-0.06479965161660654,0.09758653686250822,tie,-0.033992758566406045,-0.1214339989604671,0.053448481827655006,tie,0.673005544769201,0.639344262295082,0.5334067971524025,0.6104691772635311,0.6229508196721312,0.5673995557188085
64.0,2.0,2.0,0.01,"total, matched",5,0.08247887915201761,-0.07381133409419073,0.23876909239822597,tie,0.010304449648711956,-0.01997450861937159,0.0405834079167955,tie,0.006952242687143273,-0.13181795890110698,0.14572244427539355,tie,0.6952487566540145,0.6346604215456675,0.5625054660579665,0.612769877501997,0.6243559718969556,0.5555532233708231
64.0,2.0,5.0,0.01,"total, matched",5,0.12507040282660797,-0.12540257124295695,0.3755433768961729,tie,0.09625292740046842,-0.08560690143086577,0.27811275623180265,tie,0.02440456408552124,-0.10630178930739856,0.15511091747844105,tie,0.6468186085019795,0.6079625292740047,0.5569233819010805,0.5217482056753715,0.5117096018735363,0.5325188178155592
64.0,2.0,10.0,0.01,"total, matched",5,0.027587413198999468,-0.21080466316898086,0.2659794895669798,tie,0.05199063231850117,-0.15808369566468825,0.2620649603016906,tie,0.04483974975657825,-0.07826142321371382,0.1679409227268703,tie,0.5879939129978485,0.5915690866510538,0.5588999084617493,0.5604064997988492,0.5395784543325528,0.514060158705171
64.0,4.0,1.0,0.01,"total, matched",5,0.10681289464938519,-0.04224773031217434,0.25587351961094473,tie,-0.005854800936768134,-0.02586958115473561,0.014159979281199343,tie,-0.019867298688729097,-0.0490035067033222,0.009268909325864008,tie,0.7591237981960551,0.6224824355971899,0.5010500661757418,0.65231090354667,0.6283372365339579,0.5209173648644708
64.0,4.0,2.0,0.01,"total, matched",5,0.12677522986595768,-0.010352082501536713,0.2639025422334521,tie,0.006557377049180313,-0.08789048949869613,0.10100524359705676,tie,0.00248377673995559,-0.13872722326229836,0.14369477674220954,tie,0.7777054800510748,0.6498829039812647,0.5401835429384362,0.6509302501851172,0.6433255269320843,0.5376997661984806
64.0,4.0,5.0,0.01,"total, matched",5,0.13614478202818447,-0.09637256101865163,0.3686621250750206,tie,0.08079625292740049,-0.06850000313583941,0.23009250899064038,tie,0.018523960282894002,-0.1277868721897816,0.1648347927555696,tie,0.7050940745016412,0.6515222482435596,0.5619970497863136,0.5689492924734567,0.5707259953161593,0.5434730895034197
64.0,4.0,10.0,0.01,"total, matched",5,0.02809466337828619,-0.1920020830956211,0.2481914098521935,tie,0.022014051522248224,-0.08990337762135926,0.1339314806658557,tie,0.02934471439482721,-0.03332997043684152,0.09201939922649593,tie,0.6521884638482215,0.6372365339578454,0.5649408499647256,0.6240938004699352,0.6152224824355972,0.5355961355698985
64.0,8.0,1.0,0.01,"total, matched",5,0.14191693924075732,0.04340824860872959,0.24042562987278504,Laplace,-0.00046838407494145253,-0.001264739321613884,0.00032797117173097886,tie,-0.0012255630768513326,-0.0036980855573854705,0.0012469594036828055,tie,0.8410196311649847,0.6217798594847775,0.5,0.6991026919242274,0.622248243559719,0.5012255630768514
64.0,8.0,2.0,0.01,"total, matched",5,0.15342976917201603,0.05492638136111232,0.25193315698291974,Laplace,-0.002576112412177989,-0.007654503391813517,0.0025022785674575394,tie,-0.003890667179747309,-0.01144272467297401,0.003661390313479392,tie,0.853429186125833,0.6220140515222483,0.5003095975232198,0.6999994169538171,0.6245901639344262,0.5042002647029671
64.0,8.0,5.0,0.01,"total, matched",5,0.1269209914117297,-0.046841174817327275,0.3006831576407867,tie,-0.012177985948477766,-0.08101090919805454,0.056654937301099,tie,-0.03465393293802799,-0.13045813280625132,0.061150266930195346,tie,0.7937893920577449,0.6332552693208432,0.5152915522438533,0.6668684006460153,0.6454332552693209,0.5499454851818812
64.0,8.0,10.0,0.01,"total, matched",5,0.02353057785707202,-0.14397072687127832,0.19103188258542236,tie,0.01803278688524588,-0.008630252364808372,0.044695826135300126,tie,0.027355943864313483,-0.019746413502017314,0.07445830123064429,tie,0.7442456256960114,0.6466042154566745,0.5399724802201582,0.7207150478389394,0.6285714285714287,0.5126165363558447
64.0,16.0,1.0,0.01,"total, matched",5,0.15824223236722576,0.08061161346301748,0.23587285127143404,Laplace,0.0,0.0,0.0,tie,0.0,0.0,0.0,tie,0.9040725775888708,0.6217798594847775,0.5,0.745830345221645,0.6217798594847775,0.5
64.0,16.0,2.0,0.01,"total, matched",5,0.16030621585535793,0.0778177561879254,0.24279467552279044,Laplace,0.0,0.0,0.0,tie,0.0,0.0,0.0,tie,0.9173508713625207,0.6217798594847775,0.5,0.7570446555071626,0.6217798594847775,0.5
64.0,16.0,5.0,0.01,"total, matched",5,0.12482552342971091,-0.010395384807084448,0.26004643166650626,tie,0.0023419203747072626,-0.02485878964151279,0.029542630390927315,tie,0.003217248838280473,-0.0333654791758254,0.03979997685238634,tie,0.8969442549544351,0.631615925058548,0.5132456431873968,0.772118731524724,0.6292740046838408,0.5100283943491164
64.0,16.0,10.0,0.01,"total, matched",5,0.04033163666894053,-0.060584753163444346,0.1412480265013254,tie,0.02224824355971893,-0.005869600591259409,0.05036608771069727,tie,0.030018132736294056,-0.008107846018638211,0.06814411149122632,tie,0.8589203150781574,0.6480093676814989,0.5354025642371132,0.8185886784092169,0.6257611241217799,0.5053844315008191
