mechanism,epsilon,batch_size,epoch,train_loss,accuracy,precision,recall,f1,roc_auc,pr_auc,loss,output_noise_scale
laplace,0.2,32,10,3.3023135632244176,0.4906323185011709,0.6159420289855072,0.480225988700565,0.5396825396825397,0.7656037734748968,0.8553997202012529,16.59220973524658,5.0
laplace,0.2,32,20,3.2846157481977154,0.4953161592505855,0.6179245283018868,0.4934086629001883,0.5486910994764398,0.7726528018284329,0.8625703800184513,16.464878443208335,5.0
laplace,0.2,32,40,3.2152169358920517,0.4953161592505855,0.6063829787234043,0.536723163841808,0.5694305694305695,0.7904182190271292,0.8766477397221504,16.727479835098208,5.0
laplace,0.2,32,60,3.2574535520616306,0.5421545667447307,0.6521739130434783,0.5649717514124294,0.6054490413723511,0.7675569781882423,0.8583791135314445,15.2699705186625,5.0
laplace,0.2,32,80,3.2071883320186334,0.5362997658079626,0.6610978520286396,0.5216572504708098,0.5831578947368421,0.7711602035997273,0.8549927265713118,15.322475511406116,5.0
laplace,0.2,32,100,3.180394383203705,0.4800936768149882,0.6023529411764705,0.4821092278719397,0.5355648535564853,0.7158932559048002,0.7807660533931347,17.107488854912024,5.0
laplace,0.2,32,120,3.3418233619403668,0.4976580796252927,0.6128318584070797,0.5216572504708098,0.5635808748728383,0.646166762869287,0.7145652775240492,16.559245717097895,5.0
laplace,0.2,64,10,3.4764092265901185,0.4847775175644028,0.6146095717884131,0.4595103578154426,0.5258620689655172,0.3660189023572557,0.5339119399825846,17.172957516950945,5.0
laplace,0.2,64,20,3.382743686358791,0.5011709601873536,0.624113475177305,0.4971751412429379,0.5534591194968553,0.3616518864459254,0.5314790649815124,16.031869720928505,5.0
laplace,0.2,64,40,3.4418445991370072,0.4976580796252927,0.6314432989690721,0.4613935969868173,0.5331882480957563,0.3622815763236605,0.5331858288453686,16.539323172811315,5.0
laplace,0.2,64,60,3.4150201367647264,0.5011709601873536,0.628992628992629,0.4821092278719397,0.5458422174840085,0.3633660422242045,0.5340457180389329,16.261965691266575,5.0
laplace,0.2,64,80,3.17625079129788,0.48711943793911,0.6088992974238876,0.4896421845574388,0.5427974947807933,0.3678263455248289,0.5381363757920834,16.726791743052214,5.0
laplace,0.2,64,100,3.20864760044165,0.5,0.6244019138755981,0.4915254237288136,0.5500526870389885,0.3757674345384898,0.5434136276798788,16.46990856091518,5.0
laplace,0.2,64,120,2.9695278100570355,0.4918032786885246,0.6152019002375297,0.487758945386064,0.5441176470588235,0.3791899156332172,0.5476675628226408,16.15822574256094,5.0
laplace,0.5,32,10,1.303730972118219,0.4847775175644028,0.6008869179600886,0.5103578154425612,0.5519348268839104,0.4953735285371954,0.620895115292115,14.776266743505085,2.0
laplace,0.5,32,20,1.265160082603625,0.4707259953161593,0.5985037406483791,0.4519774011299435,0.5150214592274678,0.5025216747418563,0.6274750046185996,14.782819714085042,2.0
laplace,0.5,32,40,1.2319992335707135,0.4929742388758782,0.6256410256410256,0.4595103578154426,0.5298588490770901,0.520806003043501,0.6479029058958671,15.051138206326732,2.0
laplace,0.5,32,60,1.2361665670500608,0.4894613583138173,0.6139088729016786,0.4821092278719397,0.540084388185654,0.5383323713071312,0.6613203859694152,14.67542295403421,2.0
laplace,0.5,32,80,1.2488967526846768,0.509367681498829,0.6278538812785388,0.5178907721280602,0.5675954592363261,0.5513109793426737,0.677418699278107,14.12164887839466,2.0
laplace,0.5,32,100,1.274197019400418,0.5187353629976581,0.6415094339622641,0.512241054613936,0.5696335078534032,0.5577769615131214,0.6864169003731091,13.472945447357574,2.0
laplace,0.5,32,120,1.32466960354448,0.5117096018735363,0.6255506607929515,0.5348399246704332,0.5766497461928934,0.554057126865019,0.6836760875109419,14.425416828584789,2.0
laplace,0.5,64,10,1.4770324192655524,0.5023419203747073,0.625,0.4990583804143126,0.5549738219895288,0.3962673383358696,0.5387454540831034,14.472225092259016,2.0
laplace,0.5,64,20,1.4774397834920263,0.5117096018735363,0.6278026905829597,0.527306967984934,0.5731832139201638,0.4005643887052293,0.5407718956118474,14.244889210140911,2.0
laplace,0.5,64,40,1.4807453359085356,0.4918032786885246,0.6047516198704104,0.527306967984934,0.5633802816901409,0.399788937281722,0.539709525220876,14.429307158052962,2.0
laplace,0.5,64,60,1.4904207624131016,0.5035128805620609,0.6229885057471264,0.5103578154425612,0.5610766045548654,0.4033338580748981,0.5417186778853347,13.471747770200883,2.0
laplace,0.5,64,80,1.4993374894104228,0.5140515222482436,0.6288888888888889,0.5329566854990584,0.5769622833843018,0.4037653122503833,0.5420529315595827,13.45761747365868,2.0
laplace,0.5,64,100,1.511464026443361,0.5199063231850117,0.6242299794661191,0.5725047080979284,0.5972495088408645,0.4038119559450304,0.5417420880410072,13.458024904895248,2.0
laplace,0.5,64,120,1.5293204252657138,0.5046838407494145,0.6210762331838565,0.5216572504708098,0.5670419651995906,0.4052812323264126,0.5421436897332064,14.033916277995433,2.0
laplace,2.0,32,10,0.746928449172812,0.5362997658079626,0.6252319109461967,0.6346516007532956,0.6299065420560748,0.5481858518013212,0.6649782228946699,7.050783241108863,0.5
laplace,2.0,32,20,0.7463275862913413,0.550351288056206,0.634862385321101,0.6516007532956686,0.6431226765799256,0.5513109793426737,0.6666649482164426,6.8057835564851885,0.5
laplace,2.0,32,40,0.7433207700738707,0.5327868852459017,0.6222222222222222,0.632768361581921,0.6274509803921569,0.5589722061884522,0.6723836167402126,7.298050733550675,0.5
laplace,2.0,32,60,0.7430136712870172,0.5327868852459017,0.6269230769230769,0.6139359698681732,0.6203615604186489,0.5682134881903995,0.6800512704698276,6.685521176236867,0.5
laplace,2.0,32,80,0.7453250930415275,0.5526932084309133,0.6337522441651705,0.664783427495292,0.6488970588235294,0.5757056316430824,0.6848573061359029,7.561494021682931,0.5
laplace,2.0,32,100,0.7483102879851885,0.5620608899297423,0.643510054844607,0.6629001883239172,0.6530612244897959,0.5813320273098832,0.6886817331063977,6.7008852689155365,0.5
laplace,2.0,32,120,0.7546413158326551,0.5573770491803278,0.6353982300884956,0.6760828625235404,0.6551094890510949,0.5856873822975517,0.6917229186801667,6.194508350524862,0.5
laplace,2.0,64,10,1.169553080624805,0.4426229508196721,0.5992779783393501,0.3126177024482109,0.4108910891089108,0.2806201279203326,0.4871757134206368,9.727564963794258,0.5
laplace,2.0,64,20,1.1589853360097933,0.4437939110070257,0.6021897810218978,0.3107344632768362,0.4099378881987577,0.2808650073172296,0.4873262966067939,9.004439345732296,0.5
laplace,2.0,64,40,1.134405760957511,0.4473067915690866,0.6096654275092936,0.3088512241054614,0.41,0.2813139528782075,0.4875753836634177,8.981983904629258,0.5
laplace,2.0,64,60,1.1107486047489945,0.4285714285714285,0.5776173285198556,0.3013182674199623,0.396039603960396,0.2817862202865089,0.4879504304331796,9.471466905755587,0.5
laplace,2.0,64,80,1.0844025645239874,0.4473067915690866,0.6072727272727273,0.3145009416195857,0.4143920595533499,0.2822351658474867,0.4882607363407774,8.395987875350821,0.5
laplace,2.0,64,100,1.0618107082507844,0.4156908665105386,0.5579710144927537,0.2900188323917137,0.3816604708798017,0.2828007206450823,0.4886914439792222,9.250986685811528,0.5
laplace,2.0,64,120,1.0424351944843269,0.4531615925058548,0.6142857142857143,0.3239171374764595,0.4241676942046856,0.2837277640761925,0.4892252260690248,8.582421989589957,0.5
gaussian,0.2,32,10,3.443759272866377,0.4800936768149882,0.6023529411764705,0.4821092278719397,0.5355648535564853,0.5225201588217803,0.6372990885838257,17.260400794333734,5.0
gaussian,0.2,32,20,3.2788433320131443,0.5,0.6171171171171171,0.5160075329566854,0.5620512820512821,0.483969145195991,0.5875439931884965,16.306748583920324,5.0
gaussian,0.2,32,40,4.903021499144486,0.4882903981264637,0.6058558558558559,0.5065913370998116,0.5517948717948717,0.5421688151918513,0.6422575389822975,16.53480746477459,5.0
gaussian,0.2,32,60,3.512185731248057,0.5327868852459017,0.6542056074766355,0.527306967984934,0.583941605839416,0.4682793724090885,0.612691135348687,15.567809232213802,5.0
gaussian,0.2,32,80,5.104353656689659,0.5292740046838408,0.6423841059602649,0.5480225988700564,0.5914634146341463,0.5866027648050002,0.6845251244348098,15.574562315174704,5.0
gaussian,0.2,32,100,5.687583850978794,0.522248243559719,0.6388261851015802,0.5329566854990584,0.5811088295687885,0.6109624343344237,0.6937280844065723,16.223528706311807,5.0
gaussian,0.2,32,120,6.220789705152461,0.5339578454332553,0.6461538461538462,0.5536723163841808,0.5963488843813387,0.7099228629899774,0.7825210989382961,15.27627940599516,5.0
gaussian,0.2,64,10,1.9517160911047504,0.48711943793911,0.6088992974238876,0.4896421845574388,0.5427974947807933,0.4477969599972014,0.6039382512629885,17.209072446160583,5.0
gaussian,0.2,64,20,2.0038578984537514,0.4976580796252927,0.6237864077669902,0.4839924670433145,0.545068928950159,0.4909540384693872,0.6580287623534384,16.668320826114922,5.0
gaussian,0.2,64,40,2.5302670977367185,0.4765807962529274,0.5972222222222222,0.4858757062146893,0.5358255451713395,0.4701975943514486,0.6347115247337047,17.062217024753423,5.0
gaussian,0.2,64,60,2.6860146523753365,0.522248243559719,0.6388261851015802,0.5329566854990584,0.5811088295687885,0.4461994134555398,0.5875591329728578,15.53004644425712,5.0
gaussian,0.2,64,80,2.412084781628665,0.5081967213114754,0.628175519630485,0.512241054613936,0.5643153526970954,0.432742707549865,0.5868025165818511,16.253915881308235,5.0
gaussian,0.2,64,100,2.4366859823651232,0.5105386416861827,0.6263982102908278,0.527306967984934,0.5725971370143149,0.4703550168208824,0.6123571793119978,16.114320074973087,5.0
gaussian,0.2,64,120,2.5829208803674377,0.5023419203747073,0.6232558139534884,0.504708097928437,0.5577523413111343,0.4254662911849248,0.5761830896185702,16.58102419924829,5.0
gaussian,0.5,32,10,1.667700639618989,0.4695550351288056,0.5989847715736041,0.4444444444444444,0.5102702702702703,0.1979266877729384,0.4527208463657174,15.369050895746888,2.0
gaussian,0.5,32,20,2.0016793755842968,0.4964871194379391,0.6246913580246913,0.4764595103578154,0.5405982905982906,0.220508066443943,0.459406450667438,14.350036772666956,2.0
gaussian,0.5,32,40,1.825781221686369,0.4882903981264637,0.6146341463414634,0.4745762711864407,0.5356004250797024,0.2193361436159358,0.4596609893868115,14.85052747023004,2.0
gaussian,0.5,32,60,1.765048318630668,0.4789227166276346,0.6048780487804878,0.4670433145009416,0.5270988310308182,0.2509547381248068,0.4729613693965726,14.903949725176984,2.0
gaussian,0.5,32,80,1.5030294430791882,0.5011709601873536,0.6265060240963856,0.4896421845574388,0.5496828752642706,0.2712039320634588,0.4793320914799459,14.384126317313456,2.0
gaussian,0.5,32,100,1.4010454791678075,0.4859484777517564,0.6055045871559633,0.4971751412429379,0.546018614270941,0.4019112253881629,0.5522098438914842,14.597913474809104,2.0
gaussian,0.5,32,120,1.314864015757312,0.4976580796252927,0.6164383561643836,0.5084745762711864,0.5572755417956656,0.4022435617125232,0.557390929668415,14.566479031196778,2.0
gaussian,0.5,64,10,1.30201687202942,0.4836065573770491,0.6018099547511312,0.5009416195856874,0.5467625899280576,0.6205185612752386,0.7410177363392683,14.921133329756202,2.0
gaussian,0.5,64,20,1.3262837811869852,0.4988290398126463,0.62004662004662,0.5009416195856874,0.5541666666666667,0.6205185612752386,0.7406100729304036,14.729141002070689,2.0
gaussian,0.5,64,40,1.3335431830959945,0.4964871194379391,0.6155606407322655,0.5065913370998116,0.5557851239669421,0.6014121378554396,0.7259155808674898,14.864260480903786,2.0
gaussian,0.5,64,60,1.3797873772113631,0.509367681498829,0.6212121212121212,0.5404896421845574,0.5780463242698892,0.6148630132992834,0.7321258280015395,14.669600126118494,2.0
gaussian,0.5,64,80,1.453175932711635,0.5199063231850117,0.6323851203501094,0.544256120527307,0.5850202429149798,0.616652965081364,0.7307957039427017,13.769190043707235,2.0
gaussian,0.5,64,100,1.4437416564760823,0.4906323185011709,0.6100917431192661,0.5009416195856874,0.5501551189245087,0.6211482511529738,0.7282563526884069,14.753074836026515,2.0
gaussian,0.5,64,120,1.4681838855388187,0.48711943793911,0.6040268456375839,0.5084745762711864,0.5521472392638037,0.6016278649431821,0.7139862862083454,14.652508626692669,2.0
gaussian,2.0,32,10,0.8137494575485705,0.4765807962529274,0.6065989847715736,0.4500941619585687,0.5167567567567568,0.372799729466571,0.5596312450289522,7.679366310782484,0.5
gaussian,2.0,32,20,0.80553920598386,0.4590163934426229,0.5924932975871313,0.416195856873823,0.4889380530973451,0.3570166692903744,0.5498197461285612,7.894058635705285,0.5
gaussian,2.0,32,40,0.7895777079282139,0.4707259953161593,0.6058981233243967,0.4256120527306968,0.5,0.3452507973156554,0.5435146289144246,7.525902765482458,0.5
gaussian,2.0,32,60,0.7832797719870092,0.48711943793911,0.6220472440944882,0.4463276836158192,0.5197368421052632,0.3412919137324867,0.5412741977218796,6.720798666223269,0.5
gaussian,2.0,32,80,0.7650660713522456,0.4929742388758782,0.625,0.4613935969868173,0.5308775731310943,0.3413035746561484,0.5423364647592597,7.454413036840059,0.5
gaussian,2.0,32,100,0.751070548419852,0.4660421545667447,0.5930521091811415,0.4500941619585687,0.5117773019271948,0.3142210794517033,0.5340115138231918,7.534428387305516,0.5
gaussian,2.0,32,120,0.7308062714231316,0.4847775175644028,0.6101694915254238,0.4745762711864407,0.5338983050847458,0.3243894048847609,0.5384681608385093,7.32213174102857,0.5
gaussian,2.0,64,10,0.8555322929078227,0.47892271662763464,0.6168478260869565,0.4274952919020716,0.5050055617352615,0.3076209966591454,0.4903010266285002,8.141301290606197,0.5
gaussian,2.0,64,20,0.8514430898273644,0.4765807962529274,0.5972222222222222,0.4858757062146893,0.5358255451713395,0.3106878195821891,0.4916392821439962,7.39440186244121,0.5
gaussian,2.0,64,40,0.8376702788864125,0.46955503512880564,0.5915492957746479,0.4745762711864407,0.5266457680250783,0.3219872546104377,0.49655819529025524,7.959356769808797,0.5
gaussian,2.0,64,60,0.827715371536512,0.45901639344262296,0.5778781038374717,0.4821092278719397,0.5256673511293635,0.32413286456420215,0.49760318811952214,8.055785979277529,0.5
gaussian,2.0,64,80,0.8193075950889073,0.5023419203747073,0.6280193236714976,0.4896421845574388,0.5502645502645502,0.3217773579845259,0.49648910534705015,6.559579218842064,0.5
gaussian,2.0,64,100,0.8136691496072186,0.5070257611241218,0.6261467889908257,0.5141242937853108,0.5646328852119958,0.3268032160827459,0.4988940936082432,7.270711607335134,0.5
gaussian,2.0,64,120,0.8063504619445098,0.4765807962529274,0.6019417475728155,0.4670433145009416,0.5259809119830329,0.3291820445097456,0.5000676966611152,7.138107633464044,0.5
