row_index,y_true,laplace_eps0p2_batch32_short_probability
2856,0,0.5101134181022644
3176,0,0.5053868889808655
477,0,0.501750648021698
4023,1,0.5032863020896912
134,1,0.47835421562194824
2064,1,0.5119448304176331
3932,1,0.5350875854492188
4041,0,0.5232124328613281
2845,1,0.48416778445243835
2258,0,0.5183849334716797
743,0,0.527453601360321
2998,0,0.48752066493034363
4093,1,0.4874991178512573
514,0,0.5049140453338623
418,1,0.503484308719635
24,0,0.46275338530540466
1329,0,0.4841521382331848
3232,1,0.5355876684188843
3850,1,0.5136130452156067
1056,0,0.49234411120414734
1765,1,0.5072064399719238
2092,1,0.512427031993866
2973,1,0.5037775039672852
3457,1,0.4437682628631592
1999,1,0.4842892289161682
4132,0,0.4904027581214905
2281,1,0.48732635378837585
3893,0,0.5161194205284119
1027,1,0.47646692395210266
2746,1,0.5034405589103699
202,1,0.4928877353668213
3028,1,0.4810236394405365
394,1,0.482067346572876
4232,1,0.4979574978351593
522,0,0.4992089867591858
3142,1,0.4983751177787781
4204,1,0.5208097100257874
3160,1,0.5141339302062988
1549,1,0.4875217378139496
2212,0,0.5066670775413513
3631,0,0.5104052424430847
2696,1,0.4914565980434418
2415,0,0.48819467425346375
2356,1,0.5003876090049744
3632,1,0.5275524854660034
3193,1,0.5479474663734436
2683,1,0.5246583819389343
2270,0,0.49112561345100403
734,0,0.49933165311813354
242,1,0.5057188272476196
1667,1,0.4922695457935333
3873,0,0.5011177062988281
833,1,0.5015597939491272
2899,1,0.5056164264678955
2799,0,0.5163757801055908
2638,0,0.49817225337028503
3358,1,0.5254731774330139
56,0,0.48067545890808105
2549,0,0.5090417861938477
3171,1,0.5286045670509338
2674,1,0.4790930151939392
1927,1,0.5071206092834473
3911,0,0.5191807150840759
955,1,0.49228596687316895
1024,1,0.51390141248703
1700,1,0.4762555956840515
3217,1,0.4604654312133789
705,0,0.4803127348423004
1248,1,0.5036448836326599
4144,1,0.5068901777267456
3810,1,0.5278441309928894
2486,0,0.4986955523490906
2021,1,0.46935713291168213
499,1,0.46361228823661804
2243,1,0.4979734718799591
892,0,0.47633644938468933
492,1,0.4937002956867218
1681,0,0.4743068516254425
2635,1,0.4811052083969116
4092,1,0.5259364247322083
3505,0,0.4920666217803955
3098,0,0.5226677060127258
2333,1,0.4677683711051941
327,0,0.4970141053199768
832,1,0.4740123450756073
3898,1,0.4597707688808441
564,1,0.5034598708152771
2768,0,0.49496036767959595
693,1,0.4786337614059448
3101,0,0.5075212121009827
720,1,0.4909922778606415
1467,1,0.5129416584968567
1996,1,0.44640058279037476
1536,1,0.4993271231651306
2017,0,0.49009448289871216
2284,0,0.477724552154541
592,0,0.5000433325767517
1480,1,0.488670289516449
2924,0,0.5070766806602478
2480,1,0.5085688829421997
2800,1,0.5163427591323853
39,0,0.4872170090675354
2907,1,0.4465855658054352
2942,1,0.4801197350025177
3463,1,0.5239700675010681
1941,0,0.49967965483665466
4032,1,0.484573632478714
4265,1,0.4837465286254883
2987,1,0.5233343243598938
3824,1,0.5200875997543335
506,0,0.4923688471317291
3727,0,0.48778748512268066
1050,0,0.47105029225349426
442,1,0.5230923891067505
1511,1,0.5007336735725403
726,0,0.4725243151187897
3936,0,0.5358163118362427
750,1,0.49467939138412476
3337,0,0.5145147442817688
2142,1,0.5067353248596191
1478,1,0.5068231225013733
2295,1,0.5373018383979797
1695,1,0.5069462060928345
4113,1,0.5191383957862854
1618,0,0.46925389766693115
3581,0,0.5331630706787109
2257,0,0.5099557638168335
1190,0,0.5051956176757812
4008,1,0.46633875370025635
3549,1,0.4892587959766388
2156,1,0.48790442943573
2091,1,0.5133655667304993
962,1,0.4684107005596161
1998,0,0.5019372701644897
356,1,0.48357442021369934
2152,1,0.5093134641647339
805,1,0.5169163942337036
3971,0,0.5122198462486267
3069,0,0.5023979544639587
3206,1,0.5060413479804993
861,1,0.5074549317359924
451,1,0.47093087434768677
2982,0,0.5331039428710938
2462,0,0.4842386245727539
6,1,0.48053058981895447
3315,0,0.5213777422904968
1125,1,0.4602271318435669
2713,1,0.5129331946372986
2542,0,0.4988335967063904
894,1,0.49064186215400696
2068,1,0.5131853222846985
3116,1,0.5213546752929688
3815,1,0.4979044198989868
1567,0,0.4906499683856964
3037,0,0.480426549911499
1939,1,0.4714610278606415
1716,0,0.49156200885772705
2297,1,0.47790154814720154
1565,1,0.5082765817642212
1150,1,0.5151246786117554
3029,0,0.46923136711120605
1507,0,0.5032054781913757
3986,0,0.4920428395271301
1358,1,0.48806020617485046
1259,1,0.49277371168136597
3811,1,0.4882480204105377
822,0,0.5068777203559875
54,1,0.4999549388885498
251,1,0.4823916256427765
1757,1,0.4799136221408844
4076,0,0.525557279586792
2608,1,0.48371070623397827
2763,1,0.48740100860595703
434,1,0.5127509832382202
1781,1,0.5197961926460266
1583,1,0.5016984939575195
2700,1,0.5080630779266357
12,0,0.4720762073993683
64,1,0.49216049909591675
1199,0,0.5007439255714417
3964,1,0.533312976360321
204,1,0.5389021635055542
1607,1,0.5006805062294006
503,1,0.48691099882125854
2397,1,0.48766711354255676
4243,1,0.512412428855896
2093,0,0.4819927215576172
1328,0,0.5182113647460938
2903,1,0.531109094619751
3704,0,0.4979197382926941
3186,1,0.489162415266037
1842,0,0.48653438687324524
1713,0,0.48221710324287415
1814,0,0.492844820022583
1758,1,0.5135188102722168
794,1,0.5083936452865601
1302,0,0.47926872968673706
3122,1,0.5243045687675476
185,1,0.4964911937713623
2743,1,0.4945562779903412
3737,0,0.5087139010429382
2832,0,0.4847131073474884
1912,0,0.5060925483703613
1838,1,0.4735478162765503
2218,0,0.49901583790779114
3814,1,0.510958731174469
1376,1,0.5217152833938599
3806,0,0.5127723217010498
3652,1,0.4537026584148407
87,0,0.46593794226646423
2684,0,0.47723186016082764
3262,0,0.47907373309135437
1115,1,0.5187145471572876
1862,1,0.49698370695114136
1751,1,0.51179438829422
3066,1,0.4643688499927521
116,0,0.4932555556297302
2050,0,0.4982328414916992
1625,1,0.47252437472343445
575,1,0.5033962726593018
3781,0,0.5146947503089905
192,1,0.48956888914108276
784,1,0.5088177919387817
1725,1,0.5064936280250549
2503,0,0.5028015971183777
2761,1,0.4856872856616974
3664,0,0.5230486392974854
2377,1,0.4992276430130005
1848,1,0.49923139810562134
1413,1,0.5042881965637207
3332,1,0.545835018157959
1654,1,0.48023077845573425
3547,1,0.5316648483276367
3679,1,0.5267380475997925
3524,1,0.527604877948761
3600,0,0.5174569487571716
254,0,0.4809268116950989
831,1,0.4913676083087921
1004,0,0.49855151772499084
1046,0,0.4805513322353363
758,0,0.5210776329040527
3203,1,0.4841165542602539
3469,0,0.5237337946891785
123,1,0.46194058656692505
1851,0,0.4793587923049927
367,0,0.4611812233924866
530,1,0.4764499366283417
1053,1,0.5266146063804626
2204,1,0.4792058765888214
4034,1,0.5086308717727661
990,1,0.5103522539138794
3261,1,0.4990825355052948
4088,0,0.507850170135498
1706,0,0.49355751276016235
1584,1,0.4836013913154602
556,0,0.486657977104187
1741,1,0.506436288356781
1284,0,0.48668500781059265
3100,1,0.5007258653640747
976,0,0.48692163825035095
512,0,0.4963848292827606
3659,1,0.4940083622932434
500,1,0.4900359511375427
1672,1,0.5081387758255005
3255,1,0.49617379903793335
978,0,0.4839809834957123
4239,0,0.48286351561546326
2803,1,0.49638813734054565
2080,0,0.4858784079551697
1562,1,0.4962299168109894
2141,1,0.518351137638092
714,1,0.46088001132011414
2485,1,0.5137988924980164
3691,1,0.5154448747634888
2006,0,0.5211767554283142
3046,1,0.508368730545044
1144,1,0.4986615478992462
2560,1,0.49208319187164307
798,1,0.46812260150909424
2036,1,0.48975083231925964
2531,1,0.5201413035392761
1174,0,0.5156824588775635
1471,0,0.48361265659332275
2162,0,0.5056527256965637
1811,0,0.48812296986579895
1332,1,0.4879395067691803
1034,1,0.5166876912117004
3692,0,0.4726223349571228
4090,1,0.5034828186035156
4126,1,0.5133177042007446
2493,1,0.5155803561210632
1031,1,0.4771152436733246
2318,0,0.471221923828125
3199,0,0.516738772392273
3987,0,0.495771586894989
2019,0,0.492173969745636
3523,0,0.5314172506332397
4141,0,0.5176164507865906
509,1,0.49121060967445374
2110,1,0.5210551023483276
2943,1,0.491350919008255
2770,1,0.492143452167511
1217,0,0.5165768265724182
4238,1,0.5207754969596863
3827,0,0.5177873969078064
181,1,0.45419779419898987
1670,0,0.47600415349006653
2063,1,0.49711671471595764
3989,0,0.5145749449729919
2884,0,0.5136401057243347
3796,0,0.4876815974712372
463,1,0.49164119362831116
2707,1,0.4841674566268921
660,1,0.4921586513519287
2072,1,0.5093369483947754
2224,1,0.5129064917564392
3294,1,0.5046308040618896
156,1,0.47121018171310425
2644,0,0.4918333888053894
2762,1,0.5123531222343445
2133,1,0.5135369896888733
2727,1,0.48823046684265137
1320,1,0.4746820628643036
2963,0,0.4961472153663635
1017,0,0.5079963207244873
2507,0,0.5162478685379028
1014,0,0.4903833866119385
939,1,0.4826095998287201
2343,1,0.5045312643051147
779,1,0.4971652626991272
1197,1,0.5137280225753784
2810,1,0.5028586387634277
4125,0,0.509612500667572
1954,0,0.5056828856468201
1484,0,0.46045905351638794
521,1,0.5038604736328125
3515,1,0.4961435794830322
4040,1,0.5229143500328064
1903,1,0.5008311867713928
3926,1,0.5224188566207886
932,1,0.4677601158618927
1613,1,0.5219019651412964
3389,0,0.4879060685634613
3904,0,0.5194451212882996
2996,0,0.4603077471256256
2724,0,0.5223347544670105
338,1,0.5007221698760986
1704,0,0.4940269887447357
3601,1,0.5215281248092651
4120,1,0.5324022173881531
3883,0,0.5313047170639038
941,1,0.4776162803173065
749,1,0.4804984927177429
4048,1,0.482624351978302
1162,1,0.5118266940116882
1888,0,0.5100322961807251
967,1,0.4860589802265167
616,1,0.48668980598449707
768,1,0.5095572471618652
2383,1,0.47202810645103455
591,0,0.48799076676368713
2254,1,0.502467930316925
1438,1,0.4817411005496979
1660,1,0.5072426795959473
1269,0,0.5103892087936401
3233,1,0.5145260095596313
4192,1,0.5061907172203064
3574,1,0.4895525276660919
3854,1,0.5042828321456909
2436,1,0.5200638771057129
608,1,0.5012458562850952
1604,1,0.5101726055145264
1589,0,0.4664790630340576
3583,0,0.4963860809803009
1542,1,0.49931252002716064
1369,0,0.5185139179229736
1936,1,0.5112215876579285
139,0,0.48512157797813416
454,1,0.48527252674102783
3851,1,0.49751344323158264
4214,1,0.49130210280418396
317,1,0.4842902421951294
1276,0,0.5070165395736694
1485,0,0.4858825206756592
1475,0,0.49112266302108765
1391,1,0.4882202446460724
1750,0,0.5043766498565674
4183,0,0.5223739743232727
2849,1,0.524195671081543
1905,1,0.4994411766529083
3012,0,0.5133201479911804
2077,1,0.5058079361915588
4103,1,0.49540483951568604
3362,1,0.5189310908317566
41,1,0.4637911915779114
838,1,0.5082166790962219
2365,1,0.4659697711467743
2058,0,0.5205770134925842
3508,0,0.499737411737442
3479,0,0.4992780387401581
2648,1,0.4930453300476074
2937,1,0.4883873760700226
2192,1,0.5017873644828796
2234,0,0.5024840831756592
890,0,0.5004409551620483
3713,1,0.4979246258735657
4190,0,0.5278393030166626
3130,1,0.4827220141887665
2024,0,0.48187315464019775
3103,1,0.5014193654060364
3292,1,0.5061827301979065
1180,0,0.4955717921257019
1806,1,0.5397751927375793
3253,1,0.5278942584991455
229,0,0.4758850336074829
3826,0,0.5189315676689148
2306,1,0.4845012426376343
1453,0,0.49804815649986267
219,0,0.4767228662967682
3465,1,0.4967913329601288
1644,0,0.4886060059070587
1416,0,0.4812026619911194
3153,1,0.5215398073196411
2128,1,0.48426976799964905
3962,1,0.5056516528129578
1239,1,0.48031195998191833
774,1,0.5089609026908875
560,1,0.48568883538246155
292,0,0.4826115369796753
2076,1,0.4928741753101349
2970,1,0.4711613655090332
2844,1,0.5373870134353638
523,0,0.4733029305934906
1282,1,0.49961793422698975
1638,1,0.4802047312259674
900,1,0.5022210478782654
2685,1,0.46508485078811646
1437,1,0.49979862570762634
3485,0,0.5132943391799927
2395,1,0.48951220512390137
2864,0,0.5129229426383972
2699,0,0.5039335489273071
42,0,0.4897599220275879
448,1,0.4999336004257202
3220,1,0.48073408007621765
2559,1,0.5028186440467834
3209,1,0.5225461721420288
26,1,0.5068933963775635
53,1,0.4717597961425781
3996,0,0.49213486909866333
611,1,0.48151326179504395
1611,0,0.4851350486278534
2731,1,0.5113304257392883
549,1,0.49571704864501953
2960,1,0.5057216882705688
2555,0,0.5102412104606628
3363,0,0.5182217359542847
3402,0,0.4894832968711853
1777,1,0.5135668516159058
2221,1,0.5109571218490601
1526,1,0.4899274408817291
3339,1,0.5277110934257507
163,1,0.486627995967865
1185,1,0.48686403036117554
1714,0,0.5000614523887634
2974,0,0.5397806763648987
1171,1,0.505728006362915
2814,0,0.5305874943733215
1117,1,0.4794469475746155
2665,0,0.462909460067749
2026,1,0.5360761284828186
1273,1,0.5163187384605408
3681,0,0.5247835516929626
836,0,0.47314098477363586
3325,0,0.5207616686820984
1950,0,0.49570128321647644
2367,0,0.5202345848083496
2753,1,0.5207015872001648
2615,1,0.5052511096000671
878,0,0.5020279884338379
220,1,0.48988741636276245
2912,1,0.5120410919189453
432,1,0.4790582060813904
3788,1,0.5003345012664795
348,0,0.4974364936351776
2259,1,0.49586161971092224
72,0,0.46173563599586487
1707,0,0.47858482599258423
2539,1,0.5005048513412476
4259,0,0.4863342344760895
1357,0,0.49345508217811584
3780,1,0.5308953523635864
3016,0,0.4611077606678009
2178,1,0.4446517527103424
2172,0,0.5005560517311096
1515,1,0.4989297688007355
4042,1,0.46404898166656494
2633,0,0.5240659117698669
2962,0,0.5133697390556335
3520,1,0.49008163809776306
92,1,0.4799322485923767
1129,1,0.4932345747947693
1228,1,0.5096065402030945
66,1,0.4862309992313385
369,1,0.45824697613716125
3573,0,0.5003825426101685
2654,0,0.5044195055961609
1711,0,0.5048144459724426
4017,1,0.5424839854240417
1226,0,0.49371251463890076
1900,0,0.49798333644866943
4104,1,0.47159695625305176
1278,1,0.4697771668434143
1445,1,0.5041089057922363
1164,1,0.47443637251853943
569,1,0.49227046966552734
2215,1,0.5189515948295593
4002,0,0.5188249945640564
1616,1,0.5008823275566101
4009,1,0.5052496790885925
3276,0,0.5071584582328796
1546,1,0.48235929012298584
1821,0,0.48652535676956177
3924,1,0.5102015137672424
3381,0,0.5084095001220703
1865,0,0.4876260757446289
2492,0,0.5113518238067627
1287,1,0.47839176654815674
4222,0,0.4745181202888489
1635,1,0.496273010969162
3897,1,0.5102398991584778
1210,1,0.4871560037136078
511,1,0.5110380053520203
3306,0,0.524668276309967
2651,0,0.5098299980163574
3546,1,0.5031214356422424
3977,0,0.5341234803199768
2071,0,0.4977806806564331
2266,1,0.4976617395877838
1079,1,0.49406930804252625
3844,1,0.4872828722000122
3031,0,0.46896785497665405
1820,0,0.4981040954589844
2260,1,0.48158279061317444
402,1,0.49683135747909546
2181,1,0.49525222182273865
2499,1,0.49086683988571167
3382,1,0.5107426047325134
1742,1,0.5267086029052734
1489,1,0.4873218238353729
3487,1,0.4649870991706848
38,1,0.48101532459259033
3316,0,0.4950268864631653
4210,1,0.49716079235076904
2572,1,0.5092294216156006
3848,1,0.5075842142105103
2944,1,0.5063177347183228
3931,1,0.5123722553253174
29,1,0.468597948551178
2748,0,0.5140583515167236
19,1,0.5044306516647339
3645,0,0.4732445478439331
1531,1,0.5203562378883362
3840,0,0.4974740147590637
3474,1,0.48689788579940796
276,1,0.4906092584133148
2564,1,0.5202662348747253
3766,1,0.49779656529426575
1705,0,0.47745534777641296
3935,0,0.5289443135261536
1952,0,0.4744381904602051
1767,1,0.48482438921928406
3856,1,0.49772611260414124
2205,1,0.4645136892795563
3808,1,0.4831913709640503
106,1,0.4933341145515442
3738,0,0.5314966440200806
1052,0,0.4989069700241089
1979,1,0.5127265453338623
3818,1,0.5189031362533569
2273,1,0.520893931388855
238,1,0.5020424127578735
2571,1,0.45742982625961304
1650,1,0.4822464883327484
203,0,0.4991982877254486
1002,0,0.47475266456604004
3678,0,0.516566276550293
1406,1,0.49958691000938416
552,1,0.4833298325538635
3470,1,0.48312902450561523
3513,1,0.5320559740066528
2102,1,0.46195605397224426
2506,1,0.48071882128715515
1326,0,0.5094714760780334
3489,1,0.5066348314285278
3565,1,0.5161025524139404
1580,1,0.47629401087760925
2769,1,0.5044273138046265
2009,1,0.49884456396102905
3537,1,0.505504310131073
1229,0,0.48354843258857727
2822,1,0.5032899975776672
2108,0,0.5058438777923584
1559,1,0.5059784054756165
1394,1,0.5005989074707031
1136,1,0.5209689140319824
2590,0,0.5043765306472778
756,0,0.4631018340587616
2473,1,0.4965978264808655
3693,0,0.5220307111740112
343,0,0.49036160111427307
991,1,0.4938565492630005
78,1,0.4836135506629944
858,0,0.46968257427215576
4152,1,0.4649447798728943
3587,1,0.48816660046577454
504,1,0.4807034730911255
3879,0,0.5188531875610352
571,1,0.5115043520927429
3155,0,0.4926716685295105
3371,0,0.4953196048736572
2278,0,0.49839168787002563
3476,1,0.49700137972831726
3342,1,0.518570065498352
3900,0,0.5064769387245178
2310,0,0.48652321100234985
2209,1,0.5128674507141113
2614,1,0.5050635933876038
2329,0,0.48763027787208557
2320,1,0.4935338795185089
3094,0,0.5144150257110596
1097,1,0.4878906309604645
4143,0,0.5230932831764221
4130,1,0.4991360306739807
2,0,0.5145531296730042
2488,0,0.4900066554546356
3247,1,0.5211001038551331
1137,0,0.5065420866012573
1039,0,0.5025870203971863
2346,1,0.4963330328464508
2237,1,0.4463450014591217
362,0,0.4663896858692169
2245,0,0.5014919638633728
1434,0,0.49969595670700073
3558,0,0.5243420600891113
4127,0,0.5327956676483154
3655,1,0.5199883580207825
3417,1,0.47929754853248596
2940,1,0.4911070168018341
82,0,0.4888666868209839
416,0,0.49242547154426575
2033,1,0.5012779235839844
73,1,0.4864177107810974
3657,0,0.5044431686401367
3967,1,0.5286332964897156
2039,1,0.49721771478652954
2643,0,0.5187327861785889
1147,0,0.4847111105918884
3025,0,0.5045236945152283
3308,1,0.48634591698646545
1219,1,0.48233547806739807
851,1,0.48285239934921265
3842,0,0.489925354719162
3451,0,0.49098825454711914
404,0,0.48215118050575256
1779,1,0.5069242119789124
496,1,0.49733835458755493
293,0,0.4773290753364563
1007,1,0.4870993196964264
2438,1,0.4839065372943878
152,1,0.5034977793693542
638,1,0.5130153298377991
2532,1,0.49969369173049927
4242,1,0.4880405068397522
1069,1,0.5146043300628662
3302,1,0.5108320116996765
3946,1,0.5108017921447754
1843,0,0.481103777885437
365,1,0.5354342460632324
3945,1,0.46875181794166565
1521,1,0.4972081780433655
3816,1,0.500218391418457
4067,1,0.5235476493835449
3626,0,0.5093759298324585
3598,0,0.49776673316955566
3216,1,0.506184995174408
1458,1,0.48749980330467224
1867,1,0.47295504808425903
4045,1,0.5267515778541565
1084,1,0.5174771547317505
2339,1,0.5061699748039246
663,0,0.49010345339775085
3435,0,0.4845183789730072
3682,1,0.47386592626571655
267,1,0.4985271692276001
3239,0,0.49288836121559143
3939,1,0.5284083485603333
2014,1,0.49719932675361633
996,0,0.45798975229263306
1288,1,0.46652641892433167
3563,1,0.49599015712738037
309,0,0.4995136260986328
648,1,0.4879009425640106
465,1,0.5004503726959229
3640,1,0.48033276200294495
3433,1,0.49925896525382996
44,1,0.4822915494441986
1554,1,0.4972172677516937
3874,0,0.5252029299736023
3644,0,0.4908050298690796
562,0,0.5053470134735107
1634,1,0.5283889770507812
2788,0,0.4620647430419922
239,0,0.4995523989200592
2646,0,0.4821504056453705
2723,1,0.5062924027442932
401,0,0.498224139213562
4260,1,0.5110409259796143
2897,1,0.4706560969352722
3052,1,0.518571674823761
4025,0,0.5304744243621826
266,1,0.46204236149787903
653,1,0.4911208152770996
3995,1,0.4923517405986786
2392,1,0.50860595703125
2055,0,0.5117458701133728
3117,0,0.5263236165046692
1963,1,0.511425256729126
532,0,0.4987417161464691
582,0,0.5067992806434631
3158,1,0.49628275632858276
3560,0,0.5244120359420776
3269,0,0.5085213780403137
1205,0,0.4825296401977539
25,0,0.4887051284313202
1032,0,0.47571900486946106
722,0,0.4812413156032562
965,1,0.5004868507385254
1157,1,0.48415741324424744
2414,0,0.49966174364089966
1481,1,0.5226300358772278
245,1,0.4910410940647125
2639,1,0.4648222029209137
3172,0,0.49327436089515686
2085,1,0.4854610562324524
281,0,0.5111693739891052
4241,1,0.49960002303123474
2157,1,0.4833377003669739
3629,1,0.5096570253372192
3042,0,0.5037928819656372
2981,0,0.5190279483795166
3274,1,0.49675285816192627
3746,0,0.5327850580215454
741,1,0.48048099875450134
216,1,0.4857986569404602
839,1,0.48248347640037537
1995,1,0.492912232875824
1444,1,0.5077105760574341
1201,1,0.5020867586135864
1189,1,0.5039159059524536
1163,1,0.5029780268669128
2661,1,0.518671452999115
3244,1,0.46779167652130127
568,1,0.46875831484794617
364,0,0.48903289437294006
2190,1,0.5054316520690918
651,0,0.4906127154827118
2341,1,0.48607587814331055
130,1,0.48248711228370667
484,1,0.50092613697052
4050,0,0.4674946367740631
2051,1,0.5006996393203735
3921,0,0.5062084197998047
2759,1,0.5277276039123535
3569,0,0.5385270714759827
3610,1,0.4695841372013092
1482,1,0.49888551235198975
515,0,0.5106868743896484
3938,1,0.5189961791038513
3783,1,0.5215852856636047
1080,0,0.48016712069511414
3502,0,0.5166320204734802
3952,1,0.5211740732192993
2472,0,0.5042023062705994
3243,1,0.4558871388435364
2900,1,0.4988402724266052
3572,1,0.5192147493362427
595,1,0.4987905025482178
3230,0,0.5246680378913879
1541,1,0.5032299757003784
2062,0,0.49776577949523926
683,0,0.4837968647480011
3280,0,0.5242315530776978
4229,1,0.5251955986022949
3126,1,0.5225692391395569
3576,1,0.4857198894023895
221,1,0.5119830369949341
3286,0,0.4972480237483978
3250,1,0.4910031855106354
2028,1,0.4845231771469116
1586,1,0.5216358304023743
483,0,0.4863799214363098
1314,1,0.49929279088974
1543,0,0.5004714131355286
1463,1,0.5058012008666992
458,1,0.4761708676815033
1025,1,0.45183125138282776
1985,0,0.5059133172035217
2165,1,0.5152940154075623
480,0,0.478596955537796
3819,1,0.5259581208229065
818,1,0.486589252948761
3088,0,0.5072523355484009
3993,1,0.5030283331871033
3002,1,0.5322868227958679
785,1,0.45997530221939087
4203,0,0.5309358239173889
2719,1,0.49308136105537415
2272,0,0.5186400413513184
3566,1,0.4989352226257324
2725,0,0.4731423854827881
2776,0,0.5133271813392639
1450,1,0.4954456388950348
2730,1,0.5116357803344727
2118,1,0.4934881627559662
850,1,0.5038304924964905
1956,0,0.496593177318573
2262,1,0.5178872346878052
3959,1,0.5016946196556091
1578,1,0.5162563323974609
3011,1,0.4959232807159424
1916,1,0.5012485980987549
3953,1,0.47842270135879517
1743,0,0.5086901187896729
2534,1,0.5007694959640503
3311,1,0.5130167603492737
1627,1,0.47568032145500183
3202,1,0.5048249959945679
952,1,0.4638729691505432
1111,1,0.49594369530677795
2980,1,0.5215591192245483
2184,0,0.5003823041915894
1685,1,0.5018796920776367
620,1,0.49381422996520996
2910,0,0.5141229033470154
1782,1,0.4777654707431793
2131,0,0.5199206471443176
3757,0,0.5263649821281433
664,0,0.4795058071613312
629,0,0.5153816342353821
2916,1,0.515019953250885
3688,0,0.5231192708015442
95,1,0.49817776679992676
934,1,0.49984294176101685
