protocol,mechanism,epsilon,batch_size,epochs,lr,clip,seed,train_loss_final,accuracy,precision,recall,f1,roc_auc,pr_auc,loss,output_noise_scale,eps_data,eps_grad,eps_out,eps_step,steps
paper_protocol,laplace,0.2,1,10,0.001,1.0,342,10.859430304441265,0.5058548009367682,0.6208425720620843,0.527306967984934,0.570264765784114,0.5,0.6217798594847775,16.141776567456667,5.0,0.2,0.2,0.2,0.2,34150
paper_protocol,laplace,0.3,1,10,0.001,1.0,442,15.060522803348531,0.47306791569086654,0.6085790884718498,0.4274952919020716,0.5022123893805309,0.49323374904526185,0.618252667021044,16.53900518924129,3.3333333333333335,0.3,0.3,0.3,0.3,34150
paper_protocol,laplace,0.4,1,10,0.001,1.0,542,14.81841989866161,0.49882903981264637,0.6337662337662338,0.4595103578154426,0.5327510917030568,0.4134613702751395,0.5515647327821716,15.242475520118795,2.5,0.4,0.4,0.4,0.4,34150
paper_protocol,laplace,0.5,1,10,0.001,1.0,642,11.49709979909381,0.4672131147540984,0.58675799086758,0.4839924670433145,0.5304437564499485,0.5421221714972042,0.6564435483384147,14.841101981508162,2.0,0.5,0.5,0.5,0.5,34150
paper_protocol,laplace,1.0,1,10,0.001,1.0,1142,5.659491364180986,0.47423887587822017,0.5931818181818181,0.4915254237288136,0.537590113285273,0.4027274900444864,0.5809343231736237,12.315191451184955,1.0,1.0,1.0,1.0,1.0,34150
paper_protocol,laplace,2.0,1,10,0.001,1.0,2142,0.9861991648521015,0.47306791569086654,0.5957446808510638,0.4745762711864407,0.5283018867924528,0.43395544361068844,0.5615844951567159,8.596954230853928,0.5,2.0,2.0,2.0,2.0,34150
paper_protocol,laplace,4.0,1,10,0.001,1.0,4142,1.1541228237020378,0.5971896955503513,0.6209573091849935,0.903954802259887,0.7361963190184049,0.4423046649525109,0.5733466299552228,5.6063951423884735,0.25,4.0,4.0,4.0,4.0,34150
paper_protocol,laplace,6.0,1,10,0.001,1.0,6142,1.3101178717696798,0.6053864168618267,0.6188725490196079,0.9510357815442562,0.7498144023756496,0.5458070233743215,0.6578034186796308,5.821609774784473,0.16666666666666666,6.0,6.0,6.0,6.0,34150
paper_protocol,laplace,8.0,1,10,0.001,1.0,8142,1.051319801675488,0.6100702576112412,0.6175771971496437,0.9792843691148776,0.7574654042243263,0.6228332546220986,0.7311405194285089,4.287410999134204,0.125,8.0,8.0,8.0,8.0,34150
paper_protocol,gaussian,0.2,1,10,0.001,1.0,10342,13.123723645691534,0.5292740046838408,0.6475972540045767,0.5329566854990584,0.5847107438016529,0.4674864296000886,0.607136971294364,15.41535642758475,5.0,0.2,0.2,0.2,0.2,34150
paper_protocol,gaussian,0.3,1,10,0.001,1.0,10442,13.718498421358456,0.4953161592505855,0.6275510204081632,0.4632768361581921,0.5330444203683641,0.617591669436136,0.6941239556549366,15.96160870443228,3.3333333333333335,0.3,0.3,0.3,0.3,34150
paper_protocol,gaussian,0.4,1,10,0.001,1.0,10542,13.293636220635753,0.4601873536299766,0.5988700564971752,0.3992467043314501,0.47909604519774013,0.5,0.6217798594847775,16.715176966968436,2.5,0.4,0.4,0.4,0.4,34150
paper_protocol,gaussian,0.5,1,10,0.001,1.0,10642,10.797161340648733,0.5386416861826698,0.6314779270633397,0.6195856873822976,0.6254752851711026,0.5280445214065406,0.635297280911076,13.068484012084705,2.0,0.5,0.5,0.5,0.5,34150
paper_protocol,gaussian,1.0,1,10,0.001,1.0,11142,12.648203369649838,0.5269320843091335,0.6092943201376936,0.6666666666666666,0.6366906474820144,0.48665698810002744,0.6156860957826414,11.914864635541067,1.0,1.0,1.0,1.0,1.0,34150
paper_protocol,gaussian,2.0,1,10,0.001,1.0,12142,11.658718157184234,0.5960187353629977,0.7336683417085427,0.5499058380414312,0.628632938643703,0.8056386396366457,0.8551060621297197,7.731445467584924,0.5,2.0,2.0,2.0,2.0,34150
paper_protocol,gaussian,4.0,1,10,0.001,1.0,14142,3.033696852498014,0.5913348946135831,0.6278089887640449,0.8418079096045198,0.7192276749798874,0.4997755272195111,0.6382510198894282,6.430853415400894,0.25,4.0,4.0,4.0,4.0,34150
paper_protocol,gaussian,6.0,1,10,0.001,1.0,16142,1.3349355949538675,0.6615925058548009,0.7489711934156379,0.6854990583804144,0.7158308751229105,0.728213021753453,0.8043082647082793,2.4702055952262008,0.16666666666666666,6.0,6.0,6.0,6.0,34150
paper_protocol,gaussian,8.0,1,10,0.001,1.0,18142,1.105001659548579,0.6229508196721312,0.6239620403321471,0.9905838041431262,0.7656477438136827,0.6437412907476401,0.7477360755050508,5.397337105806806,0.125,8.0,8.0,8.0,8.0,34150
